Título,Texto,Upvotes,Comentarios,Sentimiento,Puntaje Sentimiento
Uribismo =Petrismo,"Gente en estos cuarto años me he dado cuenta que no importa que político suba al poder siempre va a haber una manga de idolatras qué los sigan, de verdad me preocupa que cada día haya menos gente con pensamiento crítico que se limita a defender a su mesias(petro o uribe o quien sea) a capa y espada normalizando lo horrible que haya hecho solo por que ""el otro hizo algo peor"" , no se pq seguimos permitiendo que los políticos nos vean la cara de maricas y sigamos permitiendo que queden impunes, pq""ay son malos pero son la mejor opción ""?,  debemos empezar a entender que pq uribe tiene plata no significa que pueda seguir dilatando sus caso, que pq petro tiene plata puede seguir negando sus colecciones con la guerrilla y la droga, y no por que rl bando qué no nos gusta haya matado a 6000 o a 18000 personas las personas que mato nuestro bando sean insignificantes, ",41,28,Negativo,-0.9022
¿Consideran también que no solo el Uribismo censura sino también el AntiUrisbismo o el Petrismo lo hace?,"Han sufrido de algún tipo de censura en reddit por no pensar politicamente como alguien (Esto incluye que se les trate por ejemplo de bots o que se les marque las posiciones cómo spam)?.

SÍ es asi cómo lo abordarían para evitar siga sucediendo?

",9,9,Negativo,-0.6046
"Miguel Uribe pidio a Marco Rubio intervencion militar y Bloqueo Economico para colombia = El Uribismo no quiere al pais, se ha dicho miles de veces = eso es TRAICION A LA PATRIA Y ES PUNIBLE",,15,0,Positivo,0.0516
"Rodolfo es el unico que denuncia a ambos petro y fico, la unica verdadera alternativa entre el petrismo y el uribismo",,0,19,Neutral,0.0
Coincidencia que empiezan a vacunar donde gano el uribismo y terminen donde gano el petrismo?,"Además del circo mediático que le hacen esto me llamo la atención

[View Poll](https://www.reddit.com/poll/lmaksr)",6,9,Neutral,0.0
Mi problema con la política en Colombia ,"Actualmente vivo en Boyacá, en una ciudad a unos 80 km de la capital, y algo que he notado es el fuerte apoyo al uribismo en esta región. Esto no sería un problema si estuviera basado en un análisis real o intereses concretos, pero lo preocupante es que muchas personas apoyan ideologías políticas como si fueran equipos de fútbol o religiones. No hay un razonamiento claro detrás, simplemente se sigue porque “así debe ser”, aunque esas mismas ideologías no representen sus ideales o intereses.

Cuando pregunto a quienes apoyan al uribismo por qué lo hacen, las respuestas suelen ser vagas o repetitivas: “Los de la izquierda son unos mam3rt0s que quieren todo regalado” (este argumento me causó gracia porque, curiosamente, al quitar el subsidio de la gasolina, quienes más protestaron fueron ellos mismos). Otras respuestas típicas incluyen: “Es que Petro nos va a volver como Venezuela” o “Uribe y la derecha fueron lo mejor que le pasó a este país”. Todo esto son frases hechas, vacías, que no explican un apoyo razonado.

Esto no quiere decir que el petrismo o la izquierda estén libres de críticas. De hecho, en Colombia tendemos a confundir conceptos, usando “Petrismo” e “izquierda” como sinónimos cuando no lo son. Esta polarización tan marcada nos impide analizar las políticas de fondo y nos encierra en una dinámica de “ellos contra nosotros,” donde los partidos se vuelven más una cuestión de lealtad ciega que de reflexión.

El problema aquí es cultural: seguimos partidos políticos no porque entendamos o compartamos sus propuestas, sino porque es lo que siempre hemos hecho, o porque “mi familia siempre ha votado así.” Esta falta de cuestionamiento perpetúa un sistema político donde las ideologías se convierten en dogmas y las verdaderas necesidades del país quedan relegadas a un segundo plano.

Simplemente estamos escondiendo al candidato que sea el que menos daño nos haga como país.

",25,56,Negativo,-0.875
Desmintiendo a un Bodeguero,"La persona que usa la cuenta  [u/Laniaktroid](https://www.reddit.com/u/Laniaktroid/) hizo un post con información falsa dejo el link a la falsa publicación:

[https://www.reddit.com/r/Colombia/comments/111f432/nadie\_gana\_con\_esta\_situaci%C3%B3n/](https://www.reddit.com/r/Colombia/comments/111f432/nadie_gana_con_esta_situaci%C3%B3n/)

&#x200B;

https://preview.redd.it/byzxendun1ia1.png?width=900&format=png&auto=webp&s=d1c36df4484f0a4c08f2b9ecdf758ac11b2b59bb

Esta imagen fue tomada de la emisión de noticas del día 11 de febrero de 2023 donde hablaban del aumento de precios en pasto por el bloqueo en la vía panamericana, el sujeto esta manipulando la información y mintiendo descaradamente.

La estrategia de los desinformadores mitómanos como este sujeto es dejar información ambigua, sin contexto, nunca dejar las fuentes originales para que cualquiera pueda corroborar todas las mentiras que publican.

Dejo las debidas fuentes:

[https://www.youtube.com/watch?v=Un39hawIZgA](https://www.youtube.com/watch?v=Un39hawIZgA)

[https://noticias.caracoltv.com/economia/gremios-afectados-por-cierre-de-via-panamericana-piden-declarar-emergencia-economica-rg10](https://noticias.caracoltv.com/economia/gremios-afectados-por-cierre-de-via-panamericana-piden-declarar-emergencia-economica-rg10)

&#x200B;

Gente no sean tan crédulos con ninguno de los bodegueros, sean del petrismo o del uribismo, porque hay de los dos lados.

Edit: debido a que el bodeguero sigue creando justificaciones rebuscadas y sin sentido, dejo captura de pantalla de la razón de que un mod le eliminara el post original por infringir las reglas y acá mismo el usruario u/Laniaktroid reconoce que conoce las reglas del subreddit y aun así decide seguir incumpliendo las reglas. 

https://preview.redd.it/3bu6jiuejfia1.png?width=880&format=png&auto=webp&s=978cf9c16f42bf7c1cf492a0a3f9f1b7f599ee2e

&#x200B;

https://preview.redd.it/0xzc7dh9kfia1.png?width=1013&format=png&auto=webp&s=497f7f003414a2d4ca21635a52e9c2ffc8aace23

&#x200B;

https://preview.redd.it/8fc7zxrkkfia1.png?width=1040&format=png&auto=webp&s=09dbeb5b02e1c45bb9186e6145fd3c8c8e3a1c35

&#x200B;

https://preview.redd.it/e7i2f6r3lfia1.png?width=915&format=png&auto=webp&s=8e3a72bc3ca18ffe02e6bcde2b81d0415ca00138

&#x200B;",262,130,Negativo,-0.8426
"Fue Claudia Lopez enserió tan mala alcaldes? Y si lo fue, por que votaron por un candidato que tiene prácticamente el mismo plan de gobierno que Claudia?","Le tiran desde todos los extremos políticos, tiene la popularidad por el piso, pero aún así, el candidato que dijo iba a seguir prácticamente todos sus proyectos y políticas gano con una aplastante mayoria. A veces siento que el odio a Claudia solo se debe a que la vieja no congenia ni con el petrismo, ni con el uribismo, que son los dos sectores mas ruidosos en la esfera publica.",81,88,Negativo,-0.3736
Sectas destructivas en Colombia: ¿Saben de alguna? ¿Conocen historias de víctimas?,"Un amigo cercano cayó en una secta hare krishna y duró captado casi 7 años. El man tenía una vida normal hasta que un día fue a una clase gratis de cocina vegetariana que le salió en publicidad de Fb. Al terminar, lo invitaron a volver la semana siguiente a un concierto de música de la India y aceptó porque parecían hippies inofensivos. Luego lo invitaron a una clase de meditación, después a yoga y cada vez iba a más charlas, cursos, retiros, etc. En el transcurso de un año terminó perdiendo contacto con sus amigos, familia y todo lo que no fuera de la secta: renunció al trabajo, se cambió el nombre, cerró redes sociales, cambió de celular y desapareció. Llegó a vender su moto y sacar varios créditos sólo para darle plata a la secta y terminó viviendo años en una comuna rural a 4hrs de Bogotá. Por fin logró salir en agosto del año pasado y volvimos a hablar desde hace un par de meses. 

Lo que me ha contado es bien heavy. Una vez adentro, usan técnicas muy hps de manipulación, abuso psicológico y maltrato  para controlar a la gente y mantenerla atrapada. Me pidió no decir el nombre del gurú ni del grupo específico por varias razones, pero les puedo decir que son cercanos a la organización hare krishna **Vrinda**. 

Pilas con esas red flags! Según me contó, la secta tiene fachadas que ofrecen servicios de ""coaching"" y retiros de ""fortalecimiento de equipos"" para empresas (que no saben que es una secta) y aprovechan eso para intentar captar a los que vean vulnerables - eso era parte del trabajo de mi amigo. El man va recuperándose pero sigue muy afectado y parece otra persona, sólo por ratos tiene algo de la personalidad que le conocía y todavía no termina de adaptarse a la vida fuera del grupo.

...

¿Han escuchado otras historias de grupos hare krishna? ¿Saben de otras sectas destructivas en Colombia? ¿Conocen gente que haya caído en algo así? ¿Casos menos extremos? ¿Alguna vez terminaron en reuniones de reclutamiento engañosas?",103,104,Negativo,-0.7545
Colombia es hermosamente frustrante.,"Colombia, nuestra nación madre es hermosa, de eso no cabe duda alguna. Pero hay que decirlo con un dolor patrio y es que es un país bastante frustrante. 

En primer lugar la cultura o más bien la falta de cultura de sus ciudadanos. Es entristecedor salir a la calle y ver cómo demasiados colombianos les importa un carajo cuidar de su país, vas al parque y no dejas de ver basura por doquier, lo mismo si sales a caminar lejos en el campo. Si conduces un vehículo el descontrol vial es aterrador, el 90% de los motociclistas tienen un total irrespeto por las normas de tránsito, además de que conducen como si su vida no valiera la gran cosa, ahora para los conductores de vehículos, la cosa es similar, ni se diga de los que tienen Toyota, así su plata sea bien habida, muchos parecen traquetos que creen que se pueden pasar por encima de cualquiera. 

Y hablando de eso, en el valle del cauca y Antioquia es perverso como la narco cultura está apoderada de la gente, muchos idolatran a estos bandidos, muchos creen que el dinero se hace fácilmente delinquiendo o aprovechándose de otros. 

Y en esa parte, también entiendo porque quieren delinquir muchos, porque hacer dinero en Colombia de manera honesta es la cosa más frustrante e injusta posible. Un profesional, con conocimiento de un segundo idioma puede aspirar por un sueldo que le va a dar para pagarse un aparta estudio, una moto o tal vez un carro de gama medio baja usado, los servicios y si mucho le queda sobrando 500mil a un millón, con suerte.

Es frustrante conocer y hablar casi a la perfección una segunda lengua y ver que las opciones de trabajo son un quemdero de gente llamado call center el cual abusa de su personal o ser profesor de idiomas trabajando largas y frustrantes jornadas por un sueldo que no esta mal, pero lejos de ser justo por la capacidad. 

La inseguridad es increíble, andar en las calles da miedo, la sensación de que te van a llegar en moto a atracarte y la alta posibilidad de recibir una puñalada o un tiro exacerban el terror de salir. 

La división política que divide familias y fragmenta amistades es la cosa más estúpida que he visto, el petrismo es el mismo Uribismo solo que con otro taparo que amamanta a su gente. 

No hay político, policía ni profesor honesto, acá todos van por su interés personal. La envidia es pan de cada día y hasta tus ""amigos"" se alegran cuando te va mal o se les nota la envidia cuando te va bien. 

Aquí para poder salir adelante y tener un sueldo digno es porque se es el hijo del doctor, o abogado o político o empresario que te pudo meter en Andes, Javeriana, ICESI o Rosario. Pero el que se queda recetando acetaminofén, o creando programitas o cuidando servidores o el que administra la tienda de ropa del centro o el profe de inglés o el del call center es aquel que le tocó en la Nacional, en la Del Valle o en la universidad barata. 

Este país tiene tanto, pero tanto potencial, que deprime ver cómo se desperdicia y como los que quieren llegar a algo les toca aspirar a irse a lunguear en el extranjero. 

Te amo pero también te detesto Colombia. ",30,11,Negativo,-0.9081
"Si tuvieran la oportunidad de eliminar a algo o a alguien con el motivo de ""mejorar"" el país en todos los aspectos, a quién o qué eliminarían de Colombia?","No puede ser más claro. ¿A quién o a qué eliminarían de Colombia para ""mejorar"" la nación en cada uno de sus ámbitos? Desde la economía hasta el turismo, pasando por la moral, la salud, el medio ambiente, la educación e incluso la gastronomía. Pueden elegir más de un grupo, individuo o entidad en términos generales. Los leo...",1,32,Negativo,-0.3736
Incompatible...,"
Un ajuste a la frase de Aleksandr Solzhenitsyn, que no deja de ser cierta:

Ser petrista, inteligente y bueno es totalmente incompatible. El que es inteligente y bueno no es petrista. El que es petrista y bueno no es inteligente. Y por supuesto, el que es petrista e inteligente  es imposible que sea bueno.",0,40,Negativo,-0.6808
"El ""fuera Petro"" se escuchó en plaza de toros de Cali; el presidente respondió",,13,23,Neutral,0.0
¿En las redes sociales vivimos rodeados de cámaras de eco?,"He notado que en reddit por ejemplo cada que alguien pregunta por opiniones todas suelen ir inclinadas hacia algo dependiendo del sitio, por en ejemplo en el (otro sub de colombia) son bastante más tirados a la derecha y ""libertarios"", mientras que acá tienen ideas más tibias (con las que me identifico). También veo que en facebook me salen post de temas políticos relacionados a lo que yo apoyo, en youtube, en twitter (no le voy a decir X) y estoy casi seguro de que el algoritmo nos agrupa para hacernos creer que los que nos rodean piensan igual a nosotros.

Lo veo mucho con los temas de política donde si eres de derecha te muestran cosas más de uribismo, si eres de izquierda más de petrismo. Si hablas a favor de los derechos de las mujeres te muestran cosas cada vez tirando más hacia un lado radical o si hablas en contra te muestran cosas tirando más al lado radical como los ""gurús"" como el temach. 

Pero ocasionalmente nos muestra una que otra publicación de alguien del extremo opuesto, pero del punto tan distante que genere una discusión, para que no veamos al opuesto como una idea razonable sino como gente bruta, con ideas pendejas, porque miren con lo que salen. Lo cuál considero, nos quita la posibilidad de hablar con personas con ideas diferentes y por medio del diálogo sin discusión, entender mejor sus puntos de vista

 ¿Hay alguien aquí que se dedique al estudio de la conducta humana y sepa más del tema? Estoy interesado en saber por qué realmente no tengo muchos fundamentos para mi hipótesis más que la experiencia personal y de mis amigos.",12,9,Negativo,-0.6868
No están listos,"Ustedes no están listos para tener esta conversación pero la gente en votaciones se deja llevar por sensacionalismos, votan por petro o en contra de petro, o votan por Uribe o en contra de Uribe.

Las propuestas es lo que vale, que Bogotá necesita metro es cierto, pero que el metro sea alimentador no tiene ningún sentido. Pero como se dejan llevar por sensacionalismos, no se dieron cuenta de los políticos cambian de bando varias veces en su vida política (derecha - izquierda)

Entonces sigan pensando que petrismo y uribismo lo es todo. Los extremos están mal y no entender las necesidades de los territorios es peor.

Pero ustedes no están listos para esta conversación. Sigan desgastandose alegando con el tío que es petrista/uribista.",0,18,Negativo,-0.8807
Los Militares de Colombia estan Vendidos.,"Es un post muy largo asi que si tienen problemas de atencion y retentiva por mantener en tiktok no lean: Tema solo para mentes intelectuales con materia gris. Con coeficiente alto lol  
  
-----------------------------------------------  
Tenemos un amigo en muy altas esferas de lo militar. Ese militar que conocemos vive ahora en USA porque, con Petro en el poder y viendo cómo iban las cosas, decidió salirse. El mancito es de mucha, mucha plata. Pero él tiene buen conocimiento de todo lo que pasa en esos altos rangos de lo militar-ejército. Él es de demasiado tiempo y contactos. Él nos comentó que todas las fuerzas están vendidas. No hay esperanzas de que ellos se vayan contra Petro. Los generales todos están vendidos. La guerrilla les está dando resto de plata y los narcos. La policía y el ejército totalmente arrodillados. Corrupción a tope. El gobierno más corrupto y sucio que puede haber.   
  
El señor nos dijo que fuéramos mirando cómo irnos del país porque si esto sigue así, esto se va a volver peor que Venezuela y las intenciones de Petro son claras: una dictadura. Que es probable una guerra civil porque así Petro sabe que puede acomodarse en el poder.   
  
Yo esas palabras las quemo y manifiesto es algo muy bonito para el futuro. Como colombianos no vamos a dejar que nos pase lo de los venezolanos, cubanos o argentinos. Vamos a luchar por este país.  Aqui la gente buena somos mas. Todas esas cabras fans de él van hacia un precipicio. Todas caerán y nuestro país se salvará. El petrismo y el uribismo ya no dan para más. El país merece algo mejor. También qué asco ese partido verde. Aunque por ahora el enemigo es Petro y ese pacto horrible.  El país de Shakira y Encanto seguirá vivo.   
  
Posteo esto aquí porque el otro sub, aunque lo ame y a los mods tambien, es de personas que viven en una burbuja de privilegio. Siempre ignoran este tipo de temas politicos y creen que sus vidas seguirán tranquilas y chill ignorando el fuero en la otra habitacion. Llaman a todos alarmistas y se creen super criticos.  No saben la amenaza que se está viniendo para Colombia. Cuando empiecen los retenes y secuestros ahí sí estarán llorando. Ya en la zona donde esta la finca de mi abuelita ya hay panfletos,amenazas y peticiones de vacuna. Eso no se veia desde los 90s parce.  
  
Yo soy LGBTI,joven y muy liberal, pero me siento muy orgulloso de no haber votado por esto en las pasadas eleccioenes. ¡Qué monstruosidad de gobierno!  lleno de escandalos y de lo mas bajo. Shame a todos los de mi hermosa comunidad Gay que aún siguen detrás de ese señor lleno de cosas malas y gente tan inmunda como pizarro. Que tan ignorante puede uno ser con alguien tan horrible.   
  
Colombianos que aún tienen corazones con algo de moralidad, ¡luchemos por el país!

https://preview.redd.it/515ehypwt1zc1.png?width=355&format=png&auto=webp&s=cef1eb572dfbd9c1bb39a0c632a3e0ee4b5ff824

https://preview.redd.it/09e7uk6xt1zc1.png?width=1693&format=png&auto=webp&s=f064532c3cfde8e445a7ac14d03606fb9a449d69

",3,4,Negativo,-0.9497
Existe el Santismo?,"Si algo tenemos claro es que en nuestro país existen dos fuerzas políticas que tienen una base de seguidores consolidada: el petrismo y el uribismo, en algunas ocasiones  miembros de algunas de las dos anteriores fuerzas mencionadas hacen alusión a una tercera fuerza que la llaman ""santismo"", esta fuerza suelen relacionarla a políticos, principalmente de los partidos tradicionales, que al no comulgar con las ideas de alguna de las dos fuerzas principales son asociados con el expresidente Juan Manuel Santos, ahora mi pregunta es: ustedes de verdad creen que existe eso que llaman el ""santismo"", han ustedes conocido a alguien que se defina a sí mismo como ""santista"" o ustedes se han llegado a considerar santistas? En mi caso nunca he conocido a alguien que se defina con esta línea de pensamiento político, si es que se le puede considerar eso.",0,6,Negativo,-0.3736
Opinión personal,"https://www.reddit.com/r/ColombiaReddit/comments/ygkgtb/no_hay_gente_más_obsesionada_con_petro_que_la/?utm_source=share&utm_medium=android_app&utm_name=androidcss&utm_term=1&utm_content=share_button


Como llamar esto si no hipocresía. Cuando el presidente era duque los dos sub, Facebook, instagram, Twitter, tik tok, estaban llenos de memes de duque pendejo, de porky, de que me habla viejo, etc... Ahora que les suben memes a petro son: uribista ardidos; bodegas uribistas; gente de ""bien""; opción ""inteligente"". No todos los que hacen memes están con un partido político, simplemente son gente que quieren ver el mundo arder (que no está mal). Y tengo que decirlo si los que nos reímos de los memes de petro somos unos ardidos ustedes, ustedes son hipócritas, arenosos, y revanchistas.",15,10,Negativo,-0.6808
La oposición en Colombia deja mucho que desear,"Viendo el panorama político del país,  tuve la siguiente duda: ¿a Colombia le hace falta una buena oposición?, con esto quiero decir a un verdadera fuerza política que contrarreste el gobierno y garantice que hagan bien las cosas, por que claramente el Uribismo ha hecho el oso, nada mas ver a Miguel Uribe que decía que un colombiano clase media ganaba 20 millones al mes, siento que el Petrismo era bueno siendo parte de la oposición pero ahora que ellos tienen el poder han demostrado que son buenos para criticar pero pésimos para gobernar. 

Siento que una buena oposición es importante para garantizar un buen gobierno, no importa si los que gobiernan o se oponen sean uribistas/petristas/santistas etc",8,8,Positivo,0.0516
"Petro, Uribe y Felipe Córdoba terminaron unidos para elegir al próximo contralor",,8,8,Neutral,0.0
Petro y el problema del Petrismo (para un votante de Petro),"Aprovecho que estoy en la sala de espera del aeropuerto para contar lo que he visto durante este mes de nuevo en Colombia.
Terminado de ver el video de La Pulla puedo decir que le atinaron a lo que era Petro cuando fué alcalde, más no en qué se ha transformado.

Me explico, tengo cercanos que trabajaron en la secretaría de salud y en hacienda cuando Petro fué alcalde, 1 familiar entre ellos y es el que más contacto tuvo con Petro, al preguntarle hace unos meses durante una reunión familiar me confirmó lo que decían los muchachos de La Pulla. A pesar de tener buenas intenciones, Petro muchas veces era autoritario con sus decisiones, muchas veces por mostrar resultados, otras veces por que no lo convencían, otras veces por falta de tiempo, etc. 
Lo que no muestra la Pulla es que él tuvo varios cambios de actitud durante su alcaldía y ya para el final se había transformado en alguien más conciliador (mi tío supone que es por que Jorge Rojas y la esposa le repetían hasta el cansancio que tenía que ser mas autocrítico), incluso la forma de hablar cambió, cuando hizo la rendición de cuentas en 2015 se puede var a un Petro que entendía la importancia de trabajar en equipo y de consultar a los que más saben sobre ciertos temas antes de tomar posiciones o decisiones apresuradas... (Cosa que al parecer no vió La Pulla y es más que obvio si toman como referencia al Peñalosista de Daniel Briceño, de lo más tóxico que uno encuentra hoy en Twitter).

Ahora con Petro de 2022 consulté con varios muchachos de la campaña de Petro en Medellin, cerca a la casa Petro es fácil verlos casi que todos los días, entre estos pude conversar con cercanos a los representantes electos, y me quedé con las ganas de preguntarle directamente a Susana Boreal, Ellos confirmaron el error que he visto en la campaña. Al parecer no han podido quitarle la mancha a Petro de que es un autoritario, pregunté si ellos cuándo tienen la oportunidad de hablar o debatir con el está abierto al diálogo y me dijeron que si, que era y cito ""más fácil que él te escuchara y tratara de conversar contigo que pedirle a Benedetti que no se lo llevara tan rápido"". Esto al parecer confirmaba la teoría de mi tío, Petro ha aprendido desde hace ya un tiempo que tiene que escuchar a los distintos antes de salir a tomar posiciones. ¿El problema? No han sido capaces de mostrarlo así y al no tratar de remediarlo dan pie a que los medios tomen sus problemas de personalidad como una verdad absoluta que no será refutada... A eso le podemos agregar que cuando le sueltan el Twitter empieza a dar rt a estupideces que intentan avalar su discurso a través de sesgos o directamente empieza a llamar Nazis a Xs personas.

Espero que en un eventual gobierno de Petro este pueda remediar su fama de déspota y también separarse de la imagen radical que su fanaticada ha impuesto en el pensamiento colectivo, como trato de mencionar en el título la radicalización de su fandom espanta a los indecisos...  Ojalá y sea así, nos conviene a todos que él haga un buen gobierno...
.
.
.

Yo igual votaré por él, mi otra opción es el inge, pero ajá, dudo mucho que el uribismo no haga hasta lo imposible para que La Nea pase a segunda vuelta (aún sabiendo que es más fácil para Petro ganarle a él que a Rodolfo)

Y ya :)",9,4,Negativo,-0.8957
PETRO vs. LOS HIJUEPUTAS,"Salgo 7 días de vacaciones y resulta que Petro dizque tiene más intención de voto que los siguientes 4 candidatos que le siguen combinados. 

A mi esas encuestas de Semana me saben a mierda. Hace un mes Fajardo tenía el 11% de intención de voto, y ahora tiene el 5%. Esas fluctuaciones no son creíbles. Menos aún con “Hitler” Hernández con el 4%. ¿Quién es el tarado que piensa votar por ese viejo cacreco medio loco? 

&#x200B;

Para mi esa encuesta solo tiene dos enseñanzas. 

La primera, que están haciendo una especie de “reset” en Semana para acomodarse a la nueva situación post-Abudinen. Ya en esta encuesta no aparece Alex Char, quemado de por vida por cuenta del prontuario de él y su familia, un prontuario extenso. 

Y la segunda, que están tirando todo en el asador a ver qué agarra. 

Ya les falló “Juanito” Gaviria, entonces lo mandan para atrás con 2%. 

También se cayó Peñalosa, entonces, pa’ tras con el lote de los “castigados”. 

Dejan a “Hitler” Hernández con 4% para después pasarle esos 4 puntos a alguien, porque ese carajo no tiene chance. 

Y dejan con 3% a la Cabal y a Fico para ver que pasa, para ver si cogen fuelle. 

&#x200B;

Estas elecciones, mis estimados amigos, son las más fáciles en la historia de Colombia. 

Hay dos bloques en estos momentos en Colombia: un bloque, el que quiere que haya un cambio dramático en el país, el bloque que encarna Petro; y el bloque de los “hijueputas”. 

&#x200B;

Ahora, dentro del bloque de los “hijueputas” hay varios matices. Están los “hijueputas que saben que son hijueputas y se sienten orgullosos de su hijoputez”. Es decir, el Uribismo. 

&#x200B;

Hay hijueputas que pretenden no ser hijueputas porque quieren ser “modernos” y tal, pero la realidad es que viven muy cómodos como están y no quieren un cambio dramático en el país. Si, no quieren más Uribismo, pero tampoco petrismo porque “quién sabe y acabemos como Venezuela”. 

Ese es el “Hijueputa de Country Club” que llamo yo. El hijueputa de Country Club está avergonzado de Uribe y sus cagadas, pero no quiere un cambio porque todos sus amigos son uribistas y él o ella no va a pelear con un familiar o amigo “por politica”. Es, más o menos, un “hijueputa flojo y civilizado”. Un tipo, o tipa,  cómodo, que le importa más la fiesta del próximo sábado, o el shower de “Angie”, que lo que pasa en la política colombiana. 

&#x200B;

Luego está el “hijueputa negacionista”. 

Este hijueputa sabe que hace falta un cambio, sabe que el país está vuelto mierda, sabe que se necesita un giro fundamental en el país, es solidario con el sentimiento de izquierda, pero niega a Petro por otras razones, casi todas de origen social o racial. Ellos quieren Petro, pero no Petro trigueño de Ciénaga de Oro sino “Petro Blanco”, “Petro del Chicó”. 

Si a la izquierda, pero una “izquierda bien”, una izquierda a lo “Santos”, es decir, mamertos de mentiras. Quieren un poquito de cambio, pero no mucho. Estos quieren un Mitterrand, no un Lula Da Silva o un Pepe Mojica. 

&#x200B;

Y por último está el “hijueputa bobo”.

El hijueputa bobo es un carajo -o caraja- que no es muy inteligente y va votar por el que le diga su marido, papá, o abuelo. El hijueputa bobo vota por “herencia”, porque su familia es liberal, o conservadora, o pastranista, o uribista, o lo que sea. 

Lamento decirlo pero aquí caen muchas mujeres, quienes se dejan guiar de sus maridos, novios o padres. 

&#x200B;

Y ya para cerrar está el “hijueputica”. 

El hijueputica es ese tipo que le dice a todo el mundo que va a votar por Petro, y grita a todo pulmón  “¡Viva Petro!”. 

Pero llega el día de las elecciones y el man -o jeva- va y vota por otro que no es Petro. 

Son esos que surfean la moda del momento para no desentonar, pero son unos topos hijueputicas que tienen dos caras. Dicen Petro hasta el final, y llega el día de las elecciones, y van y votan por Alejandro Gaviria o por Fico Gutiérrez. Aquí cae mucho paisa, quienes casi siempre votan paisa, pero echan cuentos de modernidad porque les avergüenza que Uribe sea paisa. 

&#x200B;

Como pueden ver, estas elecciones son las más fáciles del mundo. Si usted no piensa votar por el verdadero cambio, ubíquese en algún segmento de “hijueputas” porque usted lo és. De pronto no lo sabe, pero lo es. 

&#x200B;

No son “todos contra Petro”. Es “Petro contra los hijueputas”. 

&#x200B;

Y “engordar” a Petro así, con encuestas chimbas, para después “degollarlo”, es de hijueputas. Porque lo están engordando. A las claras se ve que lo están engordando. 

Pero aún así hay algo de verdad en esa encuesta : Petro va ganando, y va a ganar, a menos que lo maten. 

Y es una verdad verdadera por una simple razón: es el mejor candidato de todos, punto. 

Usted mete al resto en una licuadora, y no sale una Regina 11. Todos dan sueño, excepto Petro. 

De pronto “Hitler” Hernández no dará sueño, pero ese vergajo no es candidato para una elección en Colombia. Que se lance en el Ecuador, porque es lo más cercano a Bucarám que he visto en mi vida. 

&#x200B;

Permitir que este país no sufra una transformación, es de hijueputas. Por eso esta nota es “Petro vs. Los Hijueputas”. 

&#x200B;

¿Es usted un hijo de puta?.

&#x200B;

Felipe A. Priast

Octubre 18 de 2021",23,6,Negativo,-0.9858
Paramilitarismo y uribismo,"Los paramilitares siguen desplazando violentamente a los afrocolombianos de su tierra en el pacífico. Están cometiendo atrocidades horribles, crímenes contra la humanidad, cada paso colaborando con el estado, mientras que Uribe (el patrón del paramilitarismo en Colombia) protege los intereses de la industria del aceite de palma que expropia la tierra de las comunidades negras después del desplazamiento. Tierra limpia de gente por actividad paramilitar.

Eso es cien veces más siniestro que la rebelión de las FARC. Las FARC existe porque había un nivel de desigualdad injustificable en el campo colombiano, 400,000 familias de campesinos sin tierra. qué deberían hacer? Cuando hay tanta desigualdad en la sociedad, claro que va a haber violencia.

Pero los paracos? Solo existen para proteger los intereses de la clase burguesa. Por supuesto ""proteger"" en este caso significa torturar a civiles, violar a niñas, matar a cualquier persona que tiene opiniones políticas de la izquierda, con impunidad prácticamente TOTAL del estado.

Paracos = 100 veces peor que las FARC.",2,8,Negativo,-0.7941
